{"cameraMode":{"drawMode":0,"name":"Shaded","section":"Shading Mode"},"sceneLighting":true,"audioPlay":false,"sceneViewState":{"showFog":true,"showMaterialUpdate":false,"showSkybox":true,"showFlares":true,"showImageEffects":true,"showParticleSystems":true},"in2DMode":false,"pivot":{"x":0.7318727970123291,"y":0.10684040933847428,"z":2.560166358947754},"rotation":{"x":0.06420093029737473,"y":0.13133609294891358,"z":-0.0085239103063941,"w":0.9892216920852661},"size":3.574596881866455,"orthographic":false}