{"cameraMode":{"drawMode":0,"name":"Shaded","section":"Shading Mode"},"sceneLighting":true,"audioPlay":false,"sceneViewState":{"showFog":true,"showMaterialUpdate":false,"showSkybox":true,"showFlares":true,"showImageEffects":true,"showParticleSystems":true},"in2DMode":false,"pivot":{"x":10.796475410461426,"y":-0.9273280501365662,"z":1.7650556564331055},"rotation":{"x":0.027598874643445016,"y":0.5593669414520264,"z":-0.018639128655195237,"w":0.8282528519630432},"size":8.237198829650879,"orthographic":false}