{"cameraMode":{"drawMode":0,"name":"Shaded","section":"Shading Mode"},"sceneLighting":true,"audioPlay":false,"sceneViewState":{"showFog":true,"showMaterialUpdate":false,"showSkybox":true,"showFlares":true,"showImageEffects":true,"showParticleSystems":true},"in2DMode":false,"pivot":{"x":0.08742827922105789,"y":0.12439699470996857,"z":1.3694920539855958},"rotation":{"x":0.15325020253658296,"y":0.3549598157405853,"z":-0.059105608612298968,"w":0.9203433990478516},"size":2.979084014892578,"orthographic":true}