{"cameraMode":{"drawMode":0,"name":"Shaded","section":"Shading Mode"},"sceneLighting":true,"audioPlay":false,"sceneViewState":{"showFog":true,"showMaterialUpdate":false,"showSkybox":true,"showFlares":true,"showImageEffects":true,"showParticleSystems":true},"in2DMode":false,"pivot":{"x":1.4704872369766236,"y":-0.7404154539108276,"z":-1.8501367568969727},"rotation":{"x":0.18985319137573243,"y":0.11311439424753189,"z":-0.022025197744369508,"w":0.9750261902809143},"size":2.70739483833313,"orthographic":false}